variant,station,baseline_rmse,candidate_rmse,rmse_delta,rmse_delta_percent,outcome
huber_delta1,AU-MvB_CRO_Merged,6.632921000735733,6.54365208910038,-0.08926891163535267,-1.3458461456943456,win
huber_delta1,AU-Sil_GRA_Merged,3.7818969144743866,3.6470052156480732,-0.13489169882631336,-3.5667735498036652,win
huber_delta1,AU-Sno_EBF_Merged,2.4331816526862817,2.2124476902781507,-0.22073396240813103,-9.0718242168412,win
huber_delta1,CA-TP3_ENF_Merged,2.8155723589413877,2.738464554323618,-0.07710780461776956,-2.7386191788997714,win
huber_delta1,CA-TP4_ENF_Merged,2.9251529042662403,2.704229757828632,-0.22092314643760824,-7.55253327494091,win
huber_delta1,CH-Crs_GRA_Merged,3.6007448521425434,3.4245154887383413,-0.17622936340420203,-4.894247458254107,win
huber_delta1,CH-Fru_GRA_Merged,3.6304910547258857,3.6574709617603878,0.026979907034502038,0.7431475970552724,loss
huber_delta1,CN-Yuc_CRO_Merged,3.6558525925268204,4.586153757385336,0.9303011648585158,25.446900314312682,loss
huber_delta1,CZ-KrP_CRO_Merged,3.9425876544000036,4.3558161488491915,0.41322849444918797,10.481149201287055,loss
huber_delta1,DE-Amv_WET_Merged,4.049656920184496,4.089346109416801,0.03968918923230458,0.9800630032258731,loss
huber_delta1,DE-Har_ENF_Merged,2.5248348781400183,2.6297238952880178,0.10488901714799947,4.154292150196711,loss
huber_delta1,DE-RuM_CRO_Merged,4.911591817606319,5.041349706194285,0.12975788858796555,2.6418703631443767,loss
huber_delta1,DE-RuR_GRA_Merged,3.421901756046453,3.547560766328999,0.1256590102825461,3.672198071160529,loss
huber_delta1,DE-RuS_CRO_Merged,4.877501854900731,5.055705760262512,0.178203905361781,3.653589699463228,loss
huber_delta1,ES-HeB_ENF_Merged,1.9311561437161824,2.741874786469929,0.8107186427537465,41.98099907103607,loss
huber_delta1,ES-LM2_SAV_Merged,1.5439512517632008,1.4882686612196807,-0.055682590543520094,-3.6064992647876846,win
huber_delta1,FR-CLt_GRA_Merged,4.098979543379275,3.9119896881713925,-0.18698985520788236,-4.5618635865092525,win
huber_delta1,FR-Mej_GRA_Merged,4.57583638948323,4.682041483971706,0.10620509448847582,2.3209985114976988,loss
huber_delta1,IL-Yat_ENF_Merged,1.9981740888034087,1.8158381406176753,-0.1823359481857334,-9.125128246204207,win
huber_delta1,IT-BsB_DBF_Merged,2.700881345124452,2.8031362296734077,0.1022548845489557,3.7859821103782694,loss
huber_delta1,IT-SR2_ENF_Merged,3.6563873842556567,3.678985653984845,0.022598269729188214,0.6180491111662837,loss
huber_delta1,KR-ScC_ENF_Merged,3.5758855484089986,3.3399764385373114,-0.23590910987168723,-6.597222049700363,win
huber_delta1,RU-Fy2_ENF_Merged,3.1456341068885294,2.957109680420803,-0.1885244264677266,-5.993209002117654,win
huber_delta1,RU-Fyo_ENF_Merged,2.9469995359303716,3.027923314050844,0.08092377812047236,2.745971865072745,loss
huber_delta1,US-CMW_DBF_Merged,2.382826821757898,2.5772850840213612,0.1944582622634634,8.160822284181126,loss
huber_delta1,US-CRK_ENF_Merged,2.5601957364932093,2.779728573354393,0.21953283686118352,8.574845810886531,loss
huber_delta1,US-MMS_DBF_Merged,2.7626054892362983,2.7570544512626785,-0.005551037973619888,-0.20093487815208932,win
huber_delta1,US-Mo1_CRO_Merged,6.207412030197039,6.431510037740158,0.2240980075431187,3.6101680773397162,loss
huber_delta1,US-Ne2_CRO_Merged,4.087748668952957,4.013939961230625,-0.07380870772233283,-1.8056077733672973,win
huber_delta1,US-Ro1_CRO_Merged,5.4494005935218714,5.531342564779062,0.08194197125719072,1.50368778824228,loss
huber_delta1,US-SP1_ENF_Merged,2.8599370910779878,3.0966626364628436,0.2367255453848558,8.27729904001586,loss
huber_delta1,US-SRG_GRA_Merged,1.765775723781965,1.9724160455101973,0.20664032172823243,11.702523652644125,loss
huber_delta1,US-SRM_WSA_Merged,1.8085379464595919,1.6927056796635136,-0.11583226679607828,-6.404746277114751,win
huber_delta1,US-TKs_CSH_Merged,1.4381420250665329,1.3586211535041455,-0.07952087156238741,-5.529417135189309,win
huber_delta1,US-UC1_CVM_Merged,3.4702680481739776,3.6135478433972676,0.14327979522329004,4.1287817895992935,loss
huber_delta1,US-UMd_DBF_Merged,2.7630698238063176,2.650757226540341,-0.11231259726597642,-4.064775935023536,win
huber_delta1,US-Var_GRA_Merged,2.8234378995956324,2.5753789249215964,-0.24805897467403604,-8.78570676938078,win
huber_delta1,US-Wkg_GRA_Merged,1.3586885071066968,1.4488800943157694,0.09019158720907261,6.6381357270132515,loss
huber_delta1,US-xAE_GRA_Merged,1.8707143042536187,1.9123145602148743,0.041600255961255606,2.223763183221789,loss
huber_delta1,US-xBL_DBF_Merged,2.378784200666848,2.5504915586869994,0.17170735802015136,7.218282262511091,loss
huber_delta1,US-xCL_GRA_Merged,2.9607158751056675,3.520946968845138,0.5602310937394703,18.922149823629255,loss
huber_delta1,US-xJR_OSH_Merged,0.9165592449327067,0.9430284503034572,0.02646920537075048,2.8878881007516144,loss
huber_delta1,US-xUN_MF_Merged,2.4790339662831125,2.3418727432622277,-0.13716122302088474,-5.532849686062775,win
adamw_weight_decay,AU-MvB_CRO_Merged,6.632921000735733,6.650557383986415,0.017636383250682286,0.26589165239154866,loss
adamw_weight_decay,AU-Sil_GRA_Merged,3.7818969144743866,2.8227958639948243,-0.9591010504795623,-25.36031711517075,win
adamw_weight_decay,AU-Sno_EBF_Merged,2.4331816526862817,2.8792490655402543,0.44606741285397256,18.332680273234228,loss
adamw_weight_decay,CA-TP3_ENF_Merged,2.8155723589413877,2.4892064289815066,-0.3263659299598811,-11.591459509944533,win
adamw_weight_decay,CA-TP4_ENF_Merged,2.9251529042662403,2.4718582280378714,-0.45329467622836894,-15.496443812125287,win
adamw_weight_decay,CH-Crs_GRA_Merged,3.6007448521425434,3.5272408299589895,-0.0735040221835539,-2.041356030539541,win
adamw_weight_decay,CH-Fru_GRA_Merged,3.6304910547258857,3.581368739202744,-0.049122315523141946,-1.3530487965036686,win
adamw_weight_decay,CN-Yuc_CRO_Merged,3.6558525925268204,3.7073663311008342,0.05151373857401387,1.4090759206023964,loss
adamw_weight_decay,CZ-KrP_CRO_Merged,3.9425876544000036,4.085810169705017,0.14322251530501307,3.632703388222047,loss
adamw_weight_decay,DE-Amv_WET_Merged,4.049656920184496,4.1023070752687785,0.05265015508428217,1.3001139632807093,loss
adamw_weight_decay,DE-Har_ENF_Merged,2.5248348781400183,2.437797096280367,-0.08703778185965128,-3.447266299005256,win
adamw_weight_decay,DE-RuM_CRO_Merged,4.911591817606319,4.9434831323657615,0.0318913147594424,0.6493071074254038,loss
adamw_weight_decay,DE-RuR_GRA_Merged,3.421901756046453,3.629574907292117,0.20767315124566377,6.068939614607817,loss
adamw_weight_decay,DE-RuS_CRO_Merged,4.877501854900731,5.0685432614979495,0.19104140659721836,3.9167879845143903,loss
adamw_weight_decay,ES-HeB_ENF_Merged,1.9311561437161824,2.157179733757459,0.2260235900412766,11.704055665138116,loss
adamw_weight_decay,ES-LM2_SAV_Merged,1.5439512517632008,1.584281214602032,0.04032996283883117,2.612126697185169,loss
adamw_weight_decay,FR-CLt_GRA_Merged,4.098979543379275,2.995035799754164,-1.103943743625111,-26.932160357038505,win
adamw_weight_decay,FR-Mej_GRA_Merged,4.57583638948323,4.597384349633727,0.02154796015049687,0.4709075744058755,loss
adamw_weight_decay,IL-Yat_ENF_Merged,1.9981740888034087,1.9315994632729325,-0.06657462553047622,-3.3317730373705285,win
adamw_weight_decay,IT-BsB_DBF_Merged,2.700881345124452,2.9728909929958296,0.2720096478713776,10.071143938344461,loss
adamw_weight_decay,IT-SR2_ENF_Merged,3.6563873842556567,3.976579719206975,0.32019233495131827,8.757068146828784,loss
adamw_weight_decay,KR-ScC_ENF_Merged,3.5758855484089986,3.304233134048812,-0.2716524143601866,-7.5967871645403084,win
adamw_weight_decay,RU-Fy2_ENF_Merged,3.1456341068885294,2.9918103893019126,-0.15382371758661684,-4.8900702484679615,win
adamw_weight_decay,RU-Fyo_ENF_Merged,2.9469995359303716,2.986899787473295,0.03990025154292365,1.3539279886695703,loss
adamw_weight_decay,US-CMW_DBF_Merged,2.382826821757898,2.2767796995557843,-0.10604712220211354,-4.450475428335103,win
adamw_weight_decay,US-CRK_ENF_Merged,2.5601957364932093,2.884073760456021,0.32387802396281185,12.650518057905957,loss
adamw_weight_decay,US-MMS_DBF_Merged,2.7626054892362983,2.5256123384175972,-0.2369931508187011,-8.578610002118547,win
adamw_weight_decay,US-Mo1_CRO_Merged,6.207412030197039,6.2019534798433416,-0.005458550353697689,-0.08793600822925267,win
adamw_weight_decay,US-Ne2_CRO_Merged,4.087748668952957,3.9205095802507897,-0.16723908870216775,-4.091227280492385,win
adamw_weight_decay,US-Ro1_CRO_Merged,5.4494005935218714,5.021389827353117,-0.42801076616875466,-7.854272388738765,win
adamw_weight_decay,US-SP1_ENF_Merged,2.8599370910779878,3.650002428721671,0.790065337643683,27.625269804304892,loss
adamw_weight_decay,US-SRG_GRA_Merged,1.765775723781965,1.6842467577997988,-0.08152896598216608,-4.617175606398423,win
adamw_weight_decay,US-SRM_WSA_Merged,1.8085379464595919,1.605325715594116,-0.2032122308654758,-11.236271335267565,win
adamw_weight_decay,US-TKs_CSH_Merged,1.4381420250665329,1.5928758351983447,0.15473381013181187,10.75928576140826,loss
adamw_weight_decay,US-UC1_CVM_Merged,3.4702680481739776,3.7661827505402643,0.2959147023662867,8.527142522088294,loss
adamw_weight_decay,US-UMd_DBF_Merged,2.7630698238063176,2.606891027500882,-0.15617879630543552,-5.652365168618451,win
adamw_weight_decay,US-Var_GRA_Merged,2.8234378995956324,2.342243129750793,-0.48119476984483933,-17.042867134203842,win
adamw_weight_decay,US-Wkg_GRA_Merged,1.3586885071066968,1.2178644599234492,-0.1408240471832476,-10.364704378277985,win
adamw_weight_decay,US-xAE_GRA_Merged,1.8707143042536187,1.7446692530352048,-0.12604505121841392,-6.737803358418411,win
adamw_weight_decay,US-xBL_DBF_Merged,2.378784200666848,2.347697958374059,-0.031086242292789112,-1.3068122061713148,win
adamw_weight_decay,US-xCL_GRA_Merged,2.9607158751056675,3.0151602350845743,0.05444435997890684,1.838891750359657,loss
adamw_weight_decay,US-xJR_OSH_Merged,0.9165592449327067,0.8710625077881581,-0.045496737144548605,-4.963862117597095,win
adamw_weight_decay,US-xUN_MF_Merged,2.4790339662831125,2.292866684449723,-0.18616728183338926,-7.509670475088942,win
learned_lag_embedding,AU-MvB_CRO_Merged,6.632921000735733,6.5098049636666895,-0.1231160370690434,-1.8561360380349352,win
learned_lag_embedding,AU-Sil_GRA_Merged,3.7818969144743866,3.688734514670516,-0.09316239980387042,-2.4633775565725133,win
learned_lag_embedding,AU-Sno_EBF_Merged,2.4331816526862817,2.3088832899628398,-0.12429836272344197,-5.108470326751563,win
learned_lag_embedding,CA-TP3_ENF_Merged,2.8155723589413877,2.5814269118122186,-0.23414544712916907,-8.316087007517158,win
learned_lag_embedding,CA-TP4_ENF_Merged,2.9251529042662403,2.561370835578271,-0.36378206868796914,-12.436343691894013,win
learned_lag_embedding,CH-Crs_GRA_Merged,3.6007448521425434,3.52097272842002,-0.07977212372252351,-2.2154339448699587,win
learned_lag_embedding,CH-Fru_GRA_Merged,3.6304910547258857,3.637469937968615,0.006978883242729328,0.19222973249430736,loss
learned_lag_embedding,CN-Yuc_CRO_Merged,3.6558525925268204,4.649476736059256,0.9936241435324358,27.178999108540953,loss
learned_lag_embedding,CZ-KrP_CRO_Merged,3.9425876544000036,3.7947876308409745,-0.1478000235590291,-3.7488075476034486,win
learned_lag_embedding,DE-Amv_WET_Merged,4.049656920184496,3.5907833475431503,-0.458873572641346,-11.331171545772337,win
learned_lag_embedding,DE-Har_ENF_Merged,2.5248348781400183,2.4309883057635426,-0.09384657237647565,-3.716939004170048,win
learned_lag_embedding,DE-RuM_CRO_Merged,4.911591817606319,4.908018749845148,-0.003573067761171167,-0.07274765277446271,win
learned_lag_embedding,DE-RuR_GRA_Merged,3.421901756046453,3.3091891889576077,-0.11271256708884536,-3.2938574840637616,win
learned_lag_embedding,DE-RuS_CRO_Merged,4.877501854900731,4.827760549466581,-0.04974130543415001,-1.0198111023611771,win
learned_lag_embedding,ES-HeB_ENF_Merged,1.9311561437161824,1.8630905211988353,-0.06806562251734705,-3.52460481969968,win
learned_lag_embedding,ES-LM2_SAV_Merged,1.5439512517632008,1.393621972637224,-0.1503292791259767,-9.73665968755813,win
learned_lag_embedding,FR-CLt_GRA_Merged,4.098979543379275,4.143887721897566,0.04490817851829121,1.0955941117302592,loss
learned_lag_embedding,FR-Mej_GRA_Merged,4.57583638948323,4.524723582368654,-0.051112807114576775,-1.1170156177797512,win
learned_lag_embedding,IL-Yat_ENF_Merged,1.9981740888034087,2.362301184566826,0.36412709576341706,18.222991570342693,loss
learned_lag_embedding,IT-BsB_DBF_Merged,2.700881345124452,2.604538758619631,-0.09634258650482108,-3.5670795638148176,win
learned_lag_embedding,IT-SR2_ENF_Merged,3.6563873842556567,3.482232758877894,-0.1741546253777626,-4.763024457629121,win
learned_lag_embedding,KR-ScC_ENF_Merged,3.5758855484089986,3.3851725028687136,-0.190713045540285,-5.333309552514566,win
learned_lag_embedding,RU-Fy2_ENF_Merged,3.1456341068885294,3.1203320021143885,-0.025302104774140854,-0.80435625741508,win
learned_lag_embedding,RU-Fyo_ENF_Merged,2.9469995359303716,2.9857840888486664,0.03878455291829486,1.3160691898802936,loss
learned_lag_embedding,US-CMW_DBF_Merged,2.382826821757898,2.3660768633046234,-0.016749958453274427,-0.7029448510621252,win
learned_lag_embedding,US-CRK_ENF_Merged,2.5601957364932093,2.861957331676609,0.30176159518339984,11.78666110883902,loss
learned_lag_embedding,US-MMS_DBF_Merged,2.7626054892362983,2.6367847889961356,-0.12582070024016279,-4.554421567986712,win
learned_lag_embedding,US-Mo1_CRO_Merged,6.207412030197039,6.4724061550012175,0.2649941248041783,4.2689952514037754,loss
learned_lag_embedding,US-Ne2_CRO_Merged,4.087748668952957,3.906011247622866,-0.1817374213300913,-4.445904972348552,win
learned_lag_embedding,US-Ro1_CRO_Merged,5.4494005935218714,5.5895909965832855,0.14019040306141406,2.572583913688954,loss
learned_lag_embedding,US-SP1_ENF_Merged,2.8599370910779878,3.4909647657717415,0.6310276746937538,22.064390040688004,loss
learned_lag_embedding,US-SRG_GRA_Merged,1.765775723781965,1.768593591835817,0.0028178680538522016,0.15958244390271997,loss
learned_lag_embedding,US-SRM_WSA_Merged,1.8085379464595919,1.9958013008807733,0.18726335442118147,10.3544056008208,loss
learned_lag_embedding,US-TKs_CSH_Merged,1.4381420250665329,1.294043109224661,-0.14409891584187196,-10.019797303065774,win
learned_lag_embedding,US-UC1_CVM_Merged,3.4702680481739776,3.565629684382222,0.09536163620824434,2.747961681473647,loss
learned_lag_embedding,US-UMd_DBF_Merged,2.7630698238063176,2.6962860511574935,-0.06678377264882407,-2.4170135721298878,win
learned_lag_embedding,US-Var_GRA_Merged,2.8234378995956324,2.113233528571538,-0.7102043710240946,-25.15388672532195,win
learned_lag_embedding,US-Wkg_GRA_Merged,1.3586885071066968,1.614032653997893,0.25534414689119633,18.793428041497695,loss
learned_lag_embedding,US-xAE_GRA_Merged,1.8707143042536187,2.143355652264035,0.2726413480104162,14.574184170746218,loss
learned_lag_embedding,US-xBL_DBF_Merged,2.378784200666848,2.3953008963845153,0.01651669571766723,0.6943335050332469,loss
learned_lag_embedding,US-xCL_GRA_Merged,2.9607158751056675,3.8201275615715113,0.8594116864658439,29.02715838733332,loss
learned_lag_embedding,US-xJR_OSH_Merged,0.9165592449327067,0.9115206207513288,-0.005038624181377904,-0.5497325142083791,win
learned_lag_embedding,US-xUN_MF_Merged,2.4790339662831125,2.2944253585758894,-0.1846086077072231,-7.446796220546028,win
static_film,AU-MvB_CRO_Merged,6.632921000735733,7.871424156558523,1.23850315582279,18.67206251492236,loss
static_film,AU-Sil_GRA_Merged,3.7818969144743866,3.78616156442086,0.004264649946473575,0.11276483846377613,loss
static_film,AU-Sno_EBF_Merged,2.4331816526862817,1.8723911411228222,-0.5607905115634595,-23.047622069003168,win
static_film,CA-TP3_ENF_Merged,2.8155723589413877,2.6568082044391423,-0.15876415450224535,-5.638787935890174,win
static_film,CA-TP4_ENF_Merged,2.9251529042662403,2.747918798383672,-0.17723410588256838,-6.0589689388229315,win
static_film,CH-Crs_GRA_Merged,3.6007448521425434,3.3201377111459784,-0.2806071409965649,-7.7930304011847955,win
static_film,CH-Fru_GRA_Merged,3.6304910547258857,3.7116127583044936,0.08112170357860782,2.2344554044007356,loss
static_film,CN-Yuc_CRO_Merged,3.6558525925268204,4.014360667229243,0.35850807470242296,9.80641493684056,loss
static_film,CZ-KrP_CRO_Merged,3.9425876544000036,4.378511260620915,0.4359236062209111,11.056789206307487,loss
static_film,DE-Amv_WET_Merged,4.049656920184496,3.4114298158479306,-0.6382271043365657,-15.760028983084547,win
static_film,DE-Har_ENF_Merged,2.5248348781400183,2.606097749244883,0.08126287110486485,3.2185420048034645,loss
static_film,DE-RuM_CRO_Merged,4.911591817606319,5.265501978167852,0.3539101605615329,7.205610191239634,loss
static_film,DE-RuR_GRA_Merged,3.421901756046453,3.6936887967412546,0.27178704069480153,7.942572875289525,loss
static_film,DE-RuS_CRO_Merged,4.877501854900731,5.371342588368536,0.4938407334678052,10.124870233962342,loss
static_film,ES-HeB_ENF_Merged,1.9311561437161824,2.0205670532368707,0.08941090952068831,4.629916115878242,loss
static_film,ES-LM2_SAV_Merged,1.5439512517632008,1.3710171069074792,-0.17293414485572156,-11.200751620767159,win
static_film,FR-CLt_GRA_Merged,4.098979543379275,3.860542726012899,-0.238436817366376,-5.816979929834055,win
static_film,FR-Mej_GRA_Merged,4.57583638948323,4.609181368952419,0.03334497946918891,0.7287187878007741,loss
static_film,IL-Yat_ENF_Merged,1.9981740888034087,2.0387393319375473,0.04056524313413856,2.030115562074511,loss
static_film,IT-BsB_DBF_Merged,2.700881345124452,2.7494844754892434,0.04860313036479136,1.799528529919622,loss
static_film,IT-SR2_ENF_Merged,3.6563873842556567,3.5282329308478997,-0.128154453407757,-3.504947368530696,win
static_film,KR-ScC_ENF_Merged,3.5758855484089986,4.4917676006048,0.9158820521958013,25.612733959097216,loss
static_film,RU-Fy2_ENF_Merged,3.1456341068885294,3.087808232747268,-0.05782587414126139,-1.8382899020146763,win
static_film,RU-Fyo_ENF_Merged,2.9469995359303716,2.70376133742127,-0.24323819850910144,-8.253757611546785,win
static_film,US-CMW_DBF_Merged,2.382826821757898,2.2900486393959207,-0.0927781823619771,-3.89361834921479,win
static_film,US-CRK_ENF_Merged,2.5601957364932093,2.5703961007194738,0.010200364226264469,0.3984212644708279,loss
static_film,US-MMS_DBF_Merged,2.7626054892362983,3.081358717665855,0.31875322842955667,11.538137807641641,loss
static_film,US-Mo1_CRO_Merged,6.207412030197039,6.57808738304003,0.3706753528429907,5.9714958671951495,loss
static_film,US-Ne2_CRO_Merged,4.087748668952957,4.079495370871756,-0.008253298081201343,-0.2019032663110219,win
static_film,US-Ro1_CRO_Merged,5.4494005935218714,5.94713322774771,0.49773263422583813,9.133713436621486,loss
static_film,US-SP1_ENF_Merged,2.8599370910779878,3.3858651459740976,0.5259280548961098,18.3894973262462,loss
static_film,US-SRG_GRA_Merged,1.765775723781965,2.0856794601603723,0.3199037363784074,18.116895145281124,loss
static_film,US-SRM_WSA_Merged,1.8085379464595919,1.9060087235650474,0.09747077710545549,5.389479236322636,loss
static_film,US-TKs_CSH_Merged,1.4381420250665329,1.1523963565653126,-0.2857456685012203,-19.869085495085287,win
static_film,US-UC1_CVM_Merged,3.4702680481739776,3.5313852240999704,0.06111717592599275,1.7611658545555877,loss
static_film,US-UMd_DBF_Merged,2.7630698238063176,2.6825499038128466,-0.08051991999347097,-2.914147130836863,win
static_film,US-Var_GRA_Merged,2.8234378995956324,1.9793071118576777,-0.8441307877379547,-29.897267719571573,win
static_film,US-Wkg_GRA_Merged,1.3586885071066968,1.8111967694546298,0.45250826234793307,33.304783250985274,loss
static_film,US-xAE_GRA_Merged,1.8707143042536187,2.266475318230464,0.39576101397684527,21.155609548554065,loss
static_film,US-xBL_DBF_Merged,2.378784200666848,2.287323983121593,-0.09146021754525524,-3.8448303767788636,win
static_film,US-xCL_GRA_Merged,2.9607158751056675,3.5395267155188948,0.5788108404132273,19.54969219707952,loss
static_film,US-xJR_OSH_Merged,0.9165592449327067,0.9544219254841735,0.0378626805514668,4.130958338022837,loss
static_film,US-xUN_MF_Merged,2.4790339662831125,2.554169818833223,0.07513585255011046,3.0308520807709556,loss
ndvi_nirv,AU-MvB_CRO_Merged,6.632921000735733,6.558781302122134,-0.0741396986135987,-1.117753379022229,win
ndvi_nirv,AU-Sil_GRA_Merged,3.7818969144743866,3.008727063240779,-0.7731698512336074,-20.443969487229232,win
ndvi_nirv,AU-Sno_EBF_Merged,2.4331816526862817,1.7548498707005178,-0.6783317819857639,-27.87838636038012,win
ndvi_nirv,CA-TP3_ENF_Merged,2.8155723589413877,2.600171329841806,-0.2154010290995818,-7.650346062516728,win
ndvi_nirv,CA-TP4_ENF_Merged,2.9251529042662403,2.5234755020098976,-0.40167740225634274,-13.731842929322063,win
ndvi_nirv,CH-Crs_GRA_Merged,3.6007448521425434,3.407931654934343,-0.19281319720820056,-5.354814215549633,win
ndvi_nirv,CH-Fru_GRA_Merged,3.6304910547258857,3.6490330101116437,0.01854195538575798,0.5107285793094444,loss
ndvi_nirv,CN-Yuc_CRO_Merged,3.6558525925268204,4.004967943146183,0.3491153506193627,9.549491993550653,loss
ndvi_nirv,CZ-KrP_CRO_Merged,3.9425876544000036,4.10686896830808,0.16428131390807676,4.1668398602307715,loss
ndvi_nirv,DE-Amv_WET_Merged,4.049656920184496,3.7883597897149923,-0.261297130469504,-6.452327582791869,win
ndvi_nirv,DE-Har_ENF_Merged,2.5248348781400183,2.4062965032925323,-0.11853837484748597,-4.694896124645196,win
ndvi_nirv,DE-RuM_CRO_Merged,4.911591817606319,5.424288250640234,0.5126964330339145,10.438498394676838,loss
ndvi_nirv,DE-RuR_GRA_Merged,3.421901756046453,3.492467942873019,0.07056618682656612,2.0621920749734164,loss
ndvi_nirv,DE-RuS_CRO_Merged,4.877501854900731,5.042984444956429,0.16548259005569754,3.39277349304187,loss
ndvi_nirv,ES-HeB_ENF_Merged,1.9311561437161824,1.9208919030367668,-0.01026424067941556,-0.5315075486161243,win
ndvi_nirv,ES-LM2_SAV_Merged,1.5439512517632008,1.5033177027760256,-0.040633548987175194,-2.6317896333042547,win
ndvi_nirv,FR-CLt_GRA_Merged,4.098979543379275,3.3153363985531374,-0.7836431448261374,-19.118005750770042,win
ndvi_nirv,FR-Mej_GRA_Merged,4.57583638948323,4.55430725940502,-0.021529130078210557,-0.4704960633577622,win
ndvi_nirv,IL-Yat_ENF_Merged,1.9981740888034087,1.9773930115967069,-0.02078107720670186,-1.0400033372040394,win
ndvi_nirv,IT-BsB_DBF_Merged,2.700881345124452,2.814875176291902,0.11399383116745021,4.220616036066463,loss
ndvi_nirv,IT-SR2_ENF_Merged,3.6563873842556567,3.7155615041439924,0.05917411988833576,1.6183766562355657,loss
ndvi_nirv,KR-ScC_ENF_Merged,3.5758855484089986,3.1488683295490385,-0.42701721885996013,-11.94157959138124,win
ndvi_nirv,RU-Fy2_ENF_Merged,3.1456341068885294,3.0418866035211116,-0.10374750336741778,-3.2981427541182953,win
ndvi_nirv,RU-Fyo_ENF_Merged,2.9469995359303716,3.1015364008780972,0.15453686494772567,5.2438713703067545,loss
ndvi_nirv,US-CMW_DBF_Merged,2.382826821757898,2.4225903164031575,0.039763494645259634,1.6687530240206319,loss
ndvi_nirv,US-CRK_ENF_Merged,2.5601957364932093,2.8326042530677027,0.2724085165744934,10.640144137870527,loss
ndvi_nirv,US-MMS_DBF_Merged,2.7626054892362983,2.963454387248226,0.20084889801192762,7.270270720682988,loss
ndvi_nirv,US-Mo1_CRO_Merged,6.207412030197039,6.164753451581295,-0.04265857861574407,-0.6872200267716073,win
ndvi_nirv,US-Ne2_CRO_Merged,4.087748668952957,4.107490583200473,0.0197419142475157,0.4829532304042662,loss
ndvi_nirv,US-Ro1_CRO_Merged,5.4494005935218714,5.3906338658891775,-0.05876672763269397,-1.0784071867014984,win
ndvi_nirv,US-SP1_ENF_Merged,2.8599370910779878,3.2122630160116037,0.3523259249336159,12.319359262577862,loss
ndvi_nirv,US-SRG_GRA_Merged,1.765775723781965,2.2657572255434983,0.49998150176153344,28.315119243494046,loss
ndvi_nirv,US-SRM_WSA_Merged,1.8085379464595919,1.7322459237017702,-0.07629202275782165,-4.218436384327546,win
ndvi_nirv,US-TKs_CSH_Merged,1.4381420250665329,1.1158944319700967,-0.32224759309643614,-22.407216219241487,win
ndvi_nirv,US-UC1_CVM_Merged,3.4702680481739776,3.2206379944268027,-0.24963005374717495,-7.193394005357249,win
ndvi_nirv,US-UMd_DBF_Merged,2.7630698238063176,2.6581487778700073,-0.10492104593631035,-3.79726364612004,win
ndvi_nirv,US-Var_GRA_Merged,2.8234378995956324,2.116978431844118,-0.7064594677515146,-25.02125043560166,win
ndvi_nirv,US-Wkg_GRA_Merged,1.3586885071066968,1.5478954294626908,0.189206922355994,13.925702717461474,loss
ndvi_nirv,US-xAE_GRA_Merged,1.8707143042536187,2.1235141289016455,0.25279982464802675,13.513545284451617,loss
ndvi_nirv,US-xBL_DBF_Merged,2.378784200666848,2.5946946634997334,0.2159104628328854,9.07650482849007,loss
ndvi_nirv,US-xCL_GRA_Merged,2.9607158751056675,3.4751673331613935,0.514451458055726,17.375914466543176,loss
ndvi_nirv,US-xJR_OSH_Merged,0.9165592449327067,0.9094342342158743,-0.007125010716832358,-0.7773649937223068,win
ndvi_nirv,US-xUN_MF_Merged,2.4790339662831125,2.624789594392913,0.14575562810980047,5.879533321938953,loss
layernorm_lstm,AU-MvB_CRO_Merged,6.632921000735733,7.4705995585030704,0.8376785577673376,12.629105000261893,loss
layernorm_lstm,AU-Sil_GRA_Merged,3.7818969144743866,2.9089804482480046,-0.872916466226382,-23.081445263235082,win
layernorm_lstm,AU-Sno_EBF_Merged,2.4331816526862817,2.540817154565669,0.10763550187938709,4.423652535788083,loss
layernorm_lstm,CA-TP3_ENF_Merged,2.8155723589413877,2.588268766265507,-0.22730359267588085,-8.073086523741251,win
layernorm_lstm,CA-TP4_ENF_Merged,2.9251529042662403,2.5401651674155103,-0.38498773685072996,-13.161285903695422,win
layernorm_lstm,CH-Crs_GRA_Merged,3.6007448521425434,3.7200718186904376,0.11932696654789421,3.3139522917568387,loss
layernorm_lstm,CH-Fru_GRA_Merged,3.6304910547258857,3.673583538805419,0.04309248407953348,1.1869602053815584,loss
layernorm_lstm,CN-Yuc_CRO_Merged,3.6558525925268204,5.456968605004179,1.8011160124773586,49.26664757105206,loss
layernorm_lstm,CZ-KrP_CRO_Merged,3.9425876544000036,4.492879554857531,0.5502919004575273,13.95763261834879,loss
layernorm_lstm,DE-Amv_WET_Merged,4.049656920184496,3.390418853605338,-0.6592380665791584,-16.27886212516799,win
layernorm_lstm,DE-Har_ENF_Merged,2.5248348781400183,2.691936218981676,0.16710134084165773,6.618307687699445,loss
layernorm_lstm,DE-RuM_CRO_Merged,4.911591817606319,5.694991704917582,0.7833998873112629,15.950020205324297,loss
layernorm_lstm,DE-RuR_GRA_Merged,3.421901756046453,3.653596629636498,0.23169487359004481,6.770938796844275,loss
layernorm_lstm,DE-RuS_CRO_Merged,4.877501854900731,5.476350443169771,0.59884858826904,12.277772640257211,loss
layernorm_lstm,ES-HeB_ENF_Merged,1.9311561437161824,2.2222387619546877,0.29108261823850534,15.072971659265534,loss
layernorm_lstm,ES-LM2_SAV_Merged,1.5439512517632008,1.709245381878032,0.16529413011483118,10.705916389916093,loss
layernorm_lstm,FR-CLt_GRA_Merged,4.098979543379275,3.970607381774475,-0.12837216160479992,-3.131807813292172,win
layernorm_lstm,FR-Mej_GRA_Merged,4.57583638948323,4.611996223699363,0.036159834216132225,0.7902344213888276,loss
layernorm_lstm,IL-Yat_ENF_Merged,1.9981740888034087,2.1620440250420723,0.16386993623866353,8.200983946138336,loss
layernorm_lstm,IT-BsB_DBF_Merged,2.700881345124452,2.967409552842303,0.266528207717851,9.868193884154872,loss
layernorm_lstm,IT-SR2_ENF_Merged,3.6563873842556567,4.442065154864137,0.7856777706084803,21.487815377320132,loss
layernorm_lstm,KR-ScC_ENF_Merged,3.5758855484089986,3.067066655950896,-0.5088188924581027,-14.229171643496505,win
layernorm_lstm,RU-Fy2_ENF_Merged,3.1456341068885294,3.0729089473348234,-0.07272515955370595,-2.3119395671113594,win
layernorm_lstm,RU-Fyo_ENF_Merged,2.9469995359303716,3.6434059797114933,0.6964064437811217,23.63103337107467,loss
layernorm_lstm,US-CMW_DBF_Merged,2.382826821757898,2.0205346030633415,-0.3622922186945563,-15.204303367177987,win
layernorm_lstm,US-CRK_ENF_Merged,2.5601957364932093,2.770195930229508,0.21000019373629852,8.202505407806953,loss
layernorm_lstm,US-MMS_DBF_Merged,2.7626054892362983,2.6781932875598504,-0.08441220167644792,-3.055528630683458,win
layernorm_lstm,US-Mo1_CRO_Merged,6.207412030197039,7.69185104067578,1.4844390104787406,23.91397579631299,loss
layernorm_lstm,US-Ne2_CRO_Merged,4.087748668952957,4.6051744245476085,0.5174257555946511,12.65796401634412,loss
layernorm_lstm,US-Ro1_CRO_Merged,5.4494005935218714,6.496788749652783,1.0473881561309115,19.22024520230764,loss
layernorm_lstm,US-SP1_ENF_Merged,2.8599370910779878,3.7294423664516403,0.8695052753736525,30.40295110288291,loss
layernorm_lstm,US-SRG_GRA_Merged,1.765775723781965,2.1830985784418053,0.4173228546598404,23.63396715897827,loss
layernorm_lstm,US-SRM_WSA_Merged,1.8085379464595919,2.0005942000458887,0.19205625358629685,10.619420729449867,loss
layernorm_lstm,US-TKs_CSH_Merged,1.4381420250665329,1.0986504463199085,-0.3394915787466244,-23.606262304372787,win
layernorm_lstm,US-UC1_CVM_Merged,3.4702680481739776,3.2920097057847886,-0.17825834238918903,-5.136731224061694,win
layernorm_lstm,US-UMd_DBF_Merged,2.7630698238063176,2.987466624035189,0.2243968002288712,8.121285907995958,loss
layernorm_lstm,US-Var_GRA_Merged,2.8234378995956324,2.01159434090079,-0.8118435586948425,-28.75372462808951,win
layernorm_lstm,US-Wkg_GRA_Merged,1.3586885071066968,2.1851730300499255,0.8264845229432287,60.829580777363965,loss
layernorm_lstm,US-xAE_GRA_Merged,1.8707143042536187,2.4943209349766904,0.6236066307230717,33.3352147522002,loss
layernorm_lstm,US-xBL_DBF_Merged,2.378784200666848,2.4270774774624337,0.048293276795585705,2.030166367426166,loss
layernorm_lstm,US-xCL_GRA_Merged,2.9607158751056675,3.7125515668053928,0.7518356916997253,25.39371298750146,loss
layernorm_lstm,US-xJR_OSH_Merged,0.9165592449327067,1.07993235226023,0.1633731073275233,17.824609618063267,loss
layernorm_lstm,US-xUN_MF_Merged,2.4790339662831125,3.287598453478354,0.8085644871952415,32.61611168674489,loss
hist_gradient_boosting,AU-MvB_CRO_Merged,6.632921000735733,7.647687314402365,1.014766313666632,15.298935620582135,loss
hist_gradient_boosting,AU-Sil_GRA_Merged,3.7818969144743866,2.5556931373332596,-1.226203777141127,-32.42298256327662,win
hist_gradient_boosting,AU-Sno_EBF_Merged,2.4331816526862817,2.0424608472346812,-0.3907208054516005,-16.058020370991898,win
hist_gradient_boosting,CA-TP3_ENF_Merged,2.8155723589413877,2.924693131834281,0.10912077289289313,3.8756160020664816,loss
hist_gradient_boosting,CA-TP4_ENF_Merged,2.9251529042662403,2.9260186224272466,0.0008657181610063347,0.029595654973923347,loss
hist_gradient_boosting,CH-Crs_GRA_Merged,3.6007448521425434,3.6465920956808158,0.04584724353827241,1.2732710986448268,loss
hist_gradient_boosting,CH-Fru_GRA_Merged,3.6304910547258857,3.7620221678883814,0.13153111316249566,3.6229565416854252,loss
hist_gradient_boosting,CN-Yuc_CRO_Merged,3.6558525925268204,4.715182392262514,1.0593297997356932,28.976272235405283,loss
hist_gradient_boosting,CZ-KrP_CRO_Merged,3.9425876544000036,4.418586884202547,0.4759992298025435,12.073269424240173,loss
hist_gradient_boosting,DE-Amv_WET_Merged,4.049656920184496,2.2309264156253987,-1.8187305045590976,-44.91073047432963,win
hist_gradient_boosting,DE-Har_ENF_Merged,2.5248348781400183,2.465880112552282,-0.05895476558773627,-2.3349948980095974,win
hist_gradient_boosting,DE-RuM_CRO_Merged,4.911591817606319,5.956253273183765,1.0446614555774456,21.269305234867115,loss
hist_gradient_boosting,DE-RuR_GRA_Merged,3.421901756046453,3.6368747707432507,0.21497301469679764,6.2822672894376135,loss
hist_gradient_boosting,DE-RuS_CRO_Merged,4.877501854900731,5.38747349866408,0.5099716437633486,10.455590975346286,loss
hist_gradient_boosting,ES-HeB_ENF_Merged,1.9311561437161824,3.5286296020311503,1.597473458314968,82.72109241466623,loss
hist_gradient_boosting,ES-LM2_SAV_Merged,1.5439512517632008,1.7031021446430734,0.1591508928798726,10.308025768178977,loss
hist_gradient_boosting,FR-CLt_GRA_Merged,4.098979543379275,3.4324651305321408,-0.6665144128471341,-16.2604961989551,win
hist_gradient_boosting,FR-Mej_GRA_Merged,4.57583638948323,4.623838839017087,0.048002449533856684,1.0490420864736778,loss
hist_gradient_boosting,IL-Yat_ENF_Merged,1.9981740888034087,2.382872700222479,0.38469861141907025,19.252507255233407,loss
hist_gradient_boosting,IT-BsB_DBF_Merged,2.700881345124452,2.599507522849684,-0.10137382227476799,-3.7533608226723802,win
hist_gradient_boosting,IT-SR2_ENF_Merged,3.6563873842556567,3.748876152319909,0.0924887680642521,2.5295122847898233,loss
hist_gradient_boosting,KR-ScC_ENF_Merged,3.5758855484089986,2.949956881106972,-0.6259286673020266,-17.504158307877553,win
hist_gradient_boosting,RU-Fy2_ENF_Merged,3.1456341068885294,2.788218861163253,-0.3574152457252766,-11.362263810103778,win
hist_gradient_boosting,RU-Fyo_ENF_Merged,2.9469995359303716,2.528388347469886,-0.41861118846048573,-14.204657427213663,win
hist_gradient_boosting,US-CMW_DBF_Merged,2.382826821757898,2.0275632717098504,-0.35526355004804744,-14.909331505088424,win
hist_gradient_boosting,US-CRK_ENF_Merged,2.5601957364932093,2.5621917200143507,0.0019959835211413868,0.07796214534265869,loss
hist_gradient_boosting,US-MMS_DBF_Merged,2.7626054892362983,2.8560449104736376,0.09343942123733928,3.3822933314727437,loss
hist_gradient_boosting,US-Mo1_CRO_Merged,6.207412030197039,6.679939271474415,0.47252724127737533,7.612306690432084,loss
hist_gradient_boosting,US-Ne2_CRO_Merged,4.087748668952957,4.816266954003488,0.728518285050531,17.821993083472396,loss
hist_gradient_boosting,US-Ro1_CRO_Merged,5.4494005935218714,5.327199456099375,-0.12220113742249605,-2.2424693381464027,win
hist_gradient_boosting,US-SP1_ENF_Merged,2.8599370910779878,2.9575819317132273,0.09764484063523948,3.414230366809729,loss
hist_gradient_boosting,US-SRG_GRA_Merged,1.765775723781965,1.911315644005303,0.14553992022333806,8.24226532640388,loss
hist_gradient_boosting,US-SRM_WSA_Merged,1.8085379464595919,1.8290686552203166,0.020530708760724714,1.135210284136741,loss
hist_gradient_boosting,US-TKs_CSH_Merged,1.4381420250665329,1.1163024715246446,-0.3218395535418883,-22.378843530909194,win
hist_gradient_boosting,US-UC1_CVM_Merged,3.4702680481739776,3.619160094495247,0.1488920463212695,4.290505639747774,loss
hist_gradient_boosting,US-UMd_DBF_Merged,2.7630698238063176,2.935176474837229,0.17210665103091127,6.228820189343699,loss
hist_gradient_boosting,US-Var_GRA_Merged,2.8234378995956324,2.652462511869375,-0.1709753877262572,-6.055574579867472,win
hist_gradient_boosting,US-Wkg_GRA_Merged,1.3586885071066968,2.1140337869414134,0.7553452798347167,55.59370495031353,loss
hist_gradient_boosting,US-xAE_GRA_Merged,1.8707143042536187,1.8636597798156487,-0.007054524437970056,-0.3771032499152608,win
hist_gradient_boosting,US-xBL_DBF_Merged,2.378784200666848,2.2936687092194012,-0.08511549144744679,-3.578108994653077,win
hist_gradient_boosting,US-xCL_GRA_Merged,2.9607158751056675,2.364212735315809,-0.5965031397898586,-20.14726049214599,win
hist_gradient_boosting,US-xJR_OSH_Merged,0.9165592449327067,1.6331244000026075,0.7165651550699008,78.17990588513574,loss
hist_gradient_boosting,US-xUN_MF_Merged,2.4790339662831125,2.4499245101216798,-0.02910945616143268,-1.1742257894544839,win
